,walk_length,in_giant_component,started_in_2core,distinct_sites,is_retroceding,c
0,2,False,False,2,True,1
1,2,False,False,2,True,1
2,2,False,False,2,True,1
3,2,False,False,2,True,1
4,2,False,False,2,True,1
5,2,False,False,2,True,1
6,2,False,False,2,True,1
7,2,False,False,2,True,1
8,2,False,False,2,True,1
9,2,False,False,2,True,1
10,2,False,False,2,True,1
11,2,False,False,2,True,1
12,2,False,False,2,True,1
13,2,False,False,2,True,1
14,2,False,False,2,True,1
15,2,False,False,2,True,1
16,2,False,False,2,True,1
17,2,False,False,2,True,1
18,2,False,False,2,True,1
19,2,False,False,2,True,1
20,2,False,False,2,True,1
21,2,False,False,2,True,1
22,2,False,False,2,True,1
23,2,False,False,2,True,1
24,2,False,False,2,True,1
25,2,False,False,2,True,1
26,2,False,False,2,True,1
27,2,False,False,2,True,1
28,2,False,False,2,True,1
29,2,False,False,2,True,1
30,2,False,False,2,True,1
31,2,False,False,2,True,1
32,2,False,False,2,True,1
33,2,False,False,2,True,1
34,2,False,False,2,True,1
35,2,False,False,2,True,1
36,2,False,False,2,True,1
37,2,False,False,2,True,1
38,2,False,False,2,True,1
39,2,False,False,2,True,1
40,2,False,False,2,True,1
41,2,False,False,2,True,1
42,2,False,False,2,True,1
43,2,False,False,2,True,1
44,2,False,False,2,True,1
45,2,False,False,2,True,1
46,2,False,False,2,True,1
47,2,False,False,2,True,1
48,2,False,False,2,True,1
49,2,False,False,2,True,1
50,2,False,False,2,True,1
51,2,False,False,2,True,1
52,2,False,False,2,True,1
53,2,False,False,2,True,1
54,2,False,False,2,True,1
55,2,False,False,2,True,1
56,2,False,False,2,True,1
57,2,False,False,2,True,1
58,2,False,False,2,True,1
59,2,False,False,2,True,1
60,2,False,False,2,True,1
61,2,False,False,2,True,1
62,2,False,False,2,True,1
63,2,False,False,2,True,1
64,2,False,False,2,True,1
65,2,False,False,2,True,1
66,2,False,False,2,True,1
67,2,False,False,2,True,1
68,2,False,False,2,True,1
69,2,False,False,2,True,1
70,2,False,False,2,True,1
71,2,False,False,2,True,1
72,2,False,False,2,True,1
73,2,False,False,2,True,1
74,2,False,False,2,True,1
75,2,False,False,2,True,1
76,2,False,False,2,True,1
77,2,False,False,2,True,1
78,2,False,False,2,True,1
79,2,False,False,2,True,1
80,2,False,False,2,True,1
81,2,False,False,2,True,1
82,2,False,False,2,True,1
83,2,False,False,2,True,1
84,2,False,False,2,True,1
85,2,False,False,2,True,1
86,2,False,False,2,True,1
87,2,False,False,2,True,1
88,2,False,False,2,True,1
89,2,False,False,2,True,1
90,2,False,False,2,True,1
91,2,False,False,2,True,1
92,2,False,False,2,True,1
93,2,False,False,2,True,1
94,2,False,False,2,True,1
95,2,False,False,2,True,1
96,2,False,False,2,True,1
97,2,False,False,2,True,1
98,2,False,False,2,True,1
99,2,False,False,2,True,1
100,2,True,True,2,True,2
101,2,True,True,2,True,2
102,480,True,True,33,False,2
103,4,True,True,3,True,2
104,18,True,True,5,False,2
105,2,True,True,2,True,2
106,2,False,True,2,True,2
107,342,True,True,20,False,2
108,2,True,True,2,True,2
109,4,True,True,3,True,2
110,4,True,True,3,True,2
111,2,True,True,2,True,2
112,2,False,True,2,True,2
113,2,True,True,2,True,2
114,2,True,True,2,True,2
115,82,False,True,11,False,2
116,4,True,True,3,True,2
117,16,True,True,7,True,2
118,2,True,True,2,True,2
119,2,True,True,2,True,2
120,320,False,True,34,False,2
121,2,True,True,2,True,2
122,2,False,True,2,True,2
123,26,True,True,7,False,2
124,2,True,True,2,True,2
125,2,True,True,2,True,2
126,120,True,True,9,False,2
127,2,True,True,2,True,2
128,4,True,True,3,True,2
129,2,True,True,2,True,2
130,2,True,True,2,True,2
131,2,False,True,2,True,2
132,4,True,True,3,True,2
133,2,False,True,2,True,2
134,2,True,True,2,True,2
135,4,True,True,3,True,2
136,2,True,True,2,True,2
137,12,True,True,5,False,2
138,2,False,True,2,True,2
139,4,True,True,3,True,2
140,38,True,True,9,False,2
141,2,True,True,2,True,2
142,2,True,True,2,True,2
143,2,False,True,2,True,2
144,26,True,True,7,False,2
145,2,True,True,2,True,2
146,4,True,True,3,True,2
147,4,False,True,3,True,2
148,14,True,True,5,False,2
149,12,True,True,4,False,2
150,32,True,True,6,False,2
151,2,True,True,2,True,2
152,2,True,True,2,True,2
153,2,True,True,2,True,2
154,4,True,True,3,True,2
155,2,True,True,2,True,2
156,54,True,True,12,False,2
157,12,False,True,6,True,2
158,4,False,True,3,True,2
159,2,False,True,2,True,2
160,2,True,True,2,True,2
161,54,False,True,9,False,2
162,4,True,True,3,True,2
163,2,False,True,2,True,2
164,2,True,True,2,True,2
165,10,True,True,4,False,2
166,740,True,True,38,False,2
167,2,True,True,2,True,2
168,38,False,True,9,False,2
169,10,True,True,5,False,2
170,2,False,True,2,True,2
171,4,True,True,3,True,2
172,142,True,True,16,False,2
173,2,True,True,2,True,2
174,2,True,True,2,True,2
175,2,True,True,2,True,2
176,2,True,True,2,True,2
177,2,False,True,2,True,2
178,2,False,True,2,True,2
179,4,True,True,3,True,2
180,16,False,True,5,False,2
181,36,True,True,12,False,2
182,100,False,True,10,False,2
183,4,True,True,3,True,2
184,4,False,True,3,True,2
185,4,True,True,3,True,2
186,4,True,True,3,True,2
187,2,True,True,2,True,2
188,2,True,True,2,True,2
189,50,True,True,9,False,2
190,2,False,True,2,True,2
191,6,True,True,3,True,2
192,2,False,True,2,True,2
193,2,True,True,2,True,2
194,2,False,True,2,True,2
195,2,True,True,2,True,2
196,2,True,True,2,True,2
197,2,False,True,2,True,2
198,6,True,True,4,True,2
199,4,False,True,3,True,2
200,2,True,True,2,True,3
201,1860,True,True,645,False,3
202,2,True,True,2,True,3
203,3772,True,True,851,False,3
204,8,True,True,4,True,3
205,898,True,True,367,False,3
206,20,True,True,7,False,3
207,2,True,True,2,True,3
208,4,True,True,3,True,3
209,2,True,True,2,True,3
210,2,True,True,2,True,3
211,232,True,True,137,False,3
212,2,True,True,2,True,3
213,2,True,True,2,True,3
214,3476,True,True,825,False,3
215,2,True,True,2,True,3
216,1318,True,True,470,False,3
217,4161,True,True,872,False,3
218,2,True,True,2,True,3
219,1455,True,True,502,False,3
220,2,True,True,2,True,3
221,2,True,True,2,True,3
222,346,True,True,178,False,3
223,5408,True,True,946,False,3
224,4,True,True,3,True,3
225,10,True,True,4,False,3
226,5404,True,True,942,False,3
227,3837,True,True,857,False,3
228,2,True,True,2,True,3
229,516,True,True,216,False,3
230,2,True,True,2,True,3
231,2,True,True,2,True,3
232,12081,True,True,995,False,3
233,2113,True,True,656,False,3
234,451,True,True,196,False,3
235,424,True,True,179,False,3
236,2,True,True,2,True,3
237,2,True,True,2,True,3
238,1999,True,True,667,False,3
239,2181,True,True,663,False,3
240,521,True,True,241,False,3
241,4,True,True,3,True,3
242,3128,True,True,777,False,3
243,6,True,True,4,False,3
244,2,True,True,2,True,3
245,47,True,True,26,False,3
246,2,True,True,2,True,3
247,21,True,True,15,False,3
248,239,True,True,93,False,3
249,1204,True,True,462,False,3
250,2,True,True,2,True,3
251,2420,True,True,703,False,3
252,2,True,True,2,True,3
253,997,True,True,389,False,3
254,1343,True,True,459,False,3
255,4,True,True,3,True,3
256,2,True,True,2,True,3
257,2,True,True,2,True,3
258,197,True,True,107,False,3
259,202,True,True,97,False,3
260,2,True,True,2,True,3
261,777,True,True,327,False,3
262,3047,True,True,793,False,3
263,2,True,True,2,True,3
264,698,True,True,295,False,3
265,2,True,True,2,True,3
266,1572,True,True,541,False,3
267,30,True,True,8,False,3
268,2,True,True,2,True,3
269,1780,True,True,622,False,3
270,522,True,True,231,False,3
271,2,True,True,2,True,3
272,533,True,True,253,False,3
273,782,True,True,342,False,3
274,2,True,True,2,True,3
275,6,True,True,4,False,3
276,2,True,True,2,True,3
277,8,True,True,5,True,3
278,2,True,True,2,True,3
279,1147,True,True,412,False,3
280,1520,True,True,535,False,3
281,6,True,True,3,True,3
282,1881,True,True,664,False,3
283,713,True,True,321,False,3
284,1002,True,True,420,False,3
285,2021,True,True,630,False,3
286,4,True,True,3,True,3
287,2,True,True,2,True,3
288,1091,True,True,458,False,3
289,2,True,True,2,True,3
290,30,True,True,10,False,3
291,1055,True,True,460,False,3
292,2,True,True,2,True,3
293,8945,True,True,988,False,3
294,1322,True,True,492,False,3
295,2345,True,True,724,False,3
296,3646,True,True,853,False,3
297,2612,True,True,720,False,3
298,2272,True,True,693,False,3
299,2,True,True,2,True,3
300,4336,True,True,951,False,4
301,2,True,True,2,True,4
302,3032,True,True,885,False,4
303,734,True,True,375,False,4
304,5280,True,True,971,False,4
305,2236,True,True,769,False,4
306,146,True,True,98,False,4
307,2906,True,True,868,False,4
308,1370,True,True,596,False,4
309,1970,True,True,743,False,4
310,4,True,True,3,True,4
311,81,True,True,49,False,4
312,338,True,True,215,False,4
313,2,True,True,2,True,4
314,1163,True,True,544,False,4
315,795,True,True,406,False,4
316,2159,True,True,748,False,4
317,743,True,True,402,False,4
318,387,True,True,226,False,4
319,636,True,True,335,False,4
320,669,True,True,365,False,4
321,8,True,True,5,False,4
322,518,True,True,302,False,4
323,273,True,True,179,False,4
324,4563,True,True,961,False,4
325,278,True,True,170,False,4
326,1857,True,True,702,False,4
327,423,True,True,240,False,4
328,2074,True,True,756,False,4
329,3,True,True,3,False,4
330,1624,True,True,669,False,4
331,286,True,True,168,False,4
332,4,True,True,3,True,4
333,780,True,True,426,False,4
334,646,True,True,353,False,4
335,214,True,True,157,False,4
336,393,True,True,228,False,4
337,10,True,True,5,False,4
338,465,True,True,264,False,4
339,1241,True,True,528,False,4
340,1875,True,True,696,False,4
341,12,True,True,6,False,4
342,2,True,True,2,True,4
343,1612,True,True,665,False,4
344,4,True,True,3,True,4
345,1926,True,True,726,False,4
346,254,True,True,153,False,4
347,1124,True,True,540,False,4
348,957,True,True,467,False,4
349,2,True,True,2,True,4
350,2057,True,True,785,False,4
351,4064,True,True,939,False,4
352,735,True,True,378,False,4
353,240,True,True,165,False,4
354,121,True,True,75,False,4
355,1545,True,True,678,False,4
356,2,True,True,2,True,4
357,621,True,True,353,False,4
358,1699,True,True,710,False,4
359,500,True,True,279,False,4
360,2,True,True,2,True,4
361,398,True,True,221,False,4
362,2,True,True,2,True,4
363,556,True,True,321,False,4
364,131,True,True,71,False,4
365,6,True,True,4,False,4
366,670,True,True,341,False,4
367,2,True,True,2,True,4
368,6,True,True,4,True,4
369,1165,True,True,551,False,4
370,601,True,True,321,False,4
371,942,True,True,481,False,4
372,2227,True,True,796,False,4
373,1265,True,True,545,False,4
374,1924,True,True,736,False,4
375,351,True,True,226,False,4
376,2138,True,True,733,False,4
377,548,True,True,321,False,4
378,3055,True,True,872,False,4
379,2,True,True,2,True,4
380,1315,True,True,579,False,4
381,2,True,True,2,True,4
382,4,True,True,3,True,4
383,1034,True,True,477,False,4
384,2,True,True,2,True,4
385,818,True,True,419,False,4
386,2,True,True,2,True,4
387,445,True,True,271,False,4
388,892,True,True,457,False,4
389,4,True,True,3,True,4
390,28,True,True,20,False,4
391,2,True,True,2,True,4
392,1628,True,True,628,False,4
393,4875,True,True,980,False,4
394,1042,True,True,515,False,4
395,1732,True,True,684,False,4
396,3706,True,True,908,False,4
397,784,True,True,410,False,4
398,163,True,True,113,False,4
399,209,True,True,124,False,4
400,1126,True,True,566,False,5
401,2,True,True,2,True,5
402,1176,True,True,586,False,5
403,4,True,True,3,True,5
404,803,True,True,468,False,5
405,2,True,True,2,True,5
406,736,True,True,430,False,5
407,158,True,True,110,False,5
408,1191,True,True,590,False,5
409,610,True,True,343,False,5
410,694,True,True,420,False,5
411,2,True,True,2,True,5
412,1370,True,True,666,False,5
413,2,True,True,2,True,5
414,860,True,True,467,False,5
415,89,True,True,69,False,5
416,1833,True,True,747,False,5
417,2845,True,True,879,False,5
418,325,True,True,205,False,5
419,2,True,True,2,True,5
420,29,True,True,24,False,5
421,3226,True,True,911,False,5
422,2,True,True,2,True,5
423,2,True,True,2,True,5
424,874,True,True,478,False,5
425,937,True,True,508,False,5
426,1952,True,True,774,False,5
427,388,True,True,256,False,5
428,5812,True,True,988,False,5
429,1501,True,True,663,False,5
430,8201,True,True,996,False,5
431,1508,True,True,679,False,5
432,2036,True,True,795,False,5
433,295,True,True,213,False,5
434,641,True,True,395,False,5
435,2,True,True,2,True,5
436,335,True,True,235,False,5
437,3972,True,True,946,False,5
438,2,True,True,2,True,5
439,2,True,True,2,True,5
440,2,True,True,2,True,5
441,868,True,True,497,False,5
442,520,True,True,319,False,5
443,348,True,True,227,False,5
444,3815,True,True,938,False,5
445,623,True,True,359,False,5
446,603,True,True,365,False,5
447,5674,True,True,987,False,5
448,1647,True,True,714,False,5
449,1207,True,True,606,False,5
450,2,True,True,2,True,5
451,1963,True,True,785,False,5
452,336,True,True,208,False,5
453,2,True,True,2,True,5
454,380,True,True,250,False,5
455,2,True,True,2,True,5
456,1943,True,True,768,False,5
457,4978,True,True,972,False,5
458,2286,True,True,827,False,5
459,3305,True,True,916,False,5
460,10,True,True,5,False,5
461,2190,True,True,812,False,5
462,2,True,True,2,True,5
463,4414,True,True,964,False,5
464,4,True,True,3,True,5
465,2870,True,True,896,False,5
466,383,True,True,275,False,5
467,352,True,True,237,False,5
468,587,True,True,349,False,5
469,178,True,True,135,False,5
470,2,True,True,2,True,5
471,2,True,True,2,True,5
472,1210,True,True,579,False,5
473,1552,True,True,706,False,5
474,2118,True,True,810,False,5
475,296,True,True,201,False,5
476,5017,True,True,974,False,5
477,1604,True,True,655,False,5
478,931,True,True,516,False,5
479,186,True,True,122,False,5
480,1555,True,True,687,False,5
481,782,True,True,452,False,5
482,1091,True,True,564,False,5
483,723,True,True,441,False,5
484,1599,True,True,701,False,5
485,705,True,True,400,False,5
486,4,True,True,3,True,5
487,628,True,True,383,False,5
488,23,True,True,21,False,5
489,94,True,True,70,False,5
490,744,True,True,437,False,5
491,1107,True,True,564,False,5
492,8,True,True,5,False,5
493,2280,True,True,814,False,5
494,719,True,True,412,False,5
495,489,True,True,287,False,5
496,331,True,True,219,False,5
497,2,True,True,2,True,5
498,117,True,True,95,False,5
499,2,True,True,2,True,5
500,618,True,True,403,False,6
501,4,True,True,3,True,6
502,191,True,True,143,False,6
503,2,True,True,2,True,6
504,287,True,True,205,False,6
505,1543,True,True,701,False,6
506,2174,True,True,839,False,6
507,14,True,True,13,False,6
508,77,True,True,66,False,6
509,475,True,True,315,False,6
510,2330,True,True,842,False,6
511,4,True,True,4,False,6
512,2274,True,True,827,False,6
513,249,True,True,179,False,6
514,192,True,True,147,False,6
515,1889,True,True,756,False,6
516,889,True,True,522,False,6
517,2,True,True,2,True,6
518,286,True,True,194,False,6
519,1407,True,True,677,False,6
520,1320,True,True,641,False,6
521,6,True,True,4,False,6
522,2,True,True,2,True,6
523,3458,True,True,941,False,6
524,907,True,True,511,False,6
525,2774,True,True,907,False,6
526,2227,True,True,817,False,6
527,1419,True,True,661,False,6
528,1807,True,True,763,False,6
529,1669,True,True,724,False,6
530,1388,True,True,659,False,6
531,3359,True,True,928,False,6
532,1820,True,True,765,False,6
533,368,True,True,253,False,6
534,17,True,True,7,False,6
535,1677,True,True,758,False,6
536,2,True,True,2,True,6
537,780,True,True,471,False,6
538,541,True,True,333,False,6
539,261,True,True,193,False,6
540,1851,True,True,771,False,6
541,2,True,True,2,True,6
542,241,True,True,155,False,6
543,2297,True,True,816,False,6
544,2353,True,True,851,False,6
545,732,True,True,437,False,6
546,1504,True,True,696,False,6
547,421,True,True,273,False,6
548,1290,True,True,636,False,6
549,543,True,True,354,False,6
550,2353,True,True,862,False,6
551,2,True,True,2,True,6
552,523,True,True,317,False,6
553,1249,True,True,630,False,6
554,2,True,True,2,True,6
555,357,True,True,253,False,6
556,148,True,True,107,False,6
557,19,True,True,19,False,6
558,971,True,True,540,False,6
559,2209,True,True,826,False,6
560,228,True,True,156,False,6
561,781,True,True,456,False,6
562,1671,True,True,717,False,6
563,115,True,True,89,False,6
564,1895,True,True,787,False,6
565,2,True,True,2,True,6
566,2,True,True,2,True,6
567,284,True,True,207,False,6
568,704,True,True,419,False,6
569,643,True,True,408,False,6
570,3078,True,True,926,False,6
571,1069,True,True,584,False,6
572,1351,True,True,664,False,6
573,157,True,True,117,False,6
574,335,True,True,235,False,6
575,2,True,True,2,True,6
576,305,True,True,227,False,6
577,802,True,True,478,False,6
578,692,True,True,412,False,6
579,445,True,True,301,False,6
580,555,True,True,386,False,6
581,4007,True,True,970,False,6
582,500,True,True,338,False,6
583,214,True,True,158,False,6
584,128,True,True,98,False,6
585,926,True,True,508,False,6
586,2,True,True,2,True,6
587,2672,True,True,876,False,6
588,1883,True,True,772,False,6
589,2,True,True,2,True,6
590,309,True,True,231,False,6
591,1356,True,True,663,False,6
592,1336,True,True,648,False,6
593,468,True,True,328,False,6
594,1294,True,True,640,False,6
595,380,True,True,257,False,6
596,1599,True,True,729,False,6
597,2170,True,True,823,False,6
598,798,True,True,468,False,6
599,2,True,True,2,True,6
600,2,True,True,2,True,7
601,48,True,True,42,False,7
602,124,True,True,107,False,7
603,176,True,True,138,False,7
604,206,True,True,165,False,7
605,1529,True,True,736,False,7
606,167,True,True,134,False,7
607,2507,True,True,879,False,7
608,866,True,True,520,False,7
609,3199,True,True,928,False,7
610,858,True,True,482,False,7
611,856,True,True,507,False,7
612,476,True,True,318,False,7
613,2,True,True,2,True,7
614,4,True,True,3,True,7
615,93,True,True,74,False,7
616,1217,True,True,656,False,7
617,1274,True,True,633,False,7
618,362,True,True,253,False,7
619,817,True,True,496,False,7
620,4153,True,True,972,False,7
621,77,True,True,59,False,7
622,833,True,True,519,False,7
623,17,True,True,10,False,7
624,2,True,True,2,True,7
625,87,True,True,75,False,7
626,1167,True,True,635,False,7
627,1912,True,True,816,False,7
628,983,True,True,558,False,7
629,9,True,True,9,False,7
630,2,True,True,2,True,7
631,816,True,True,520,False,7
632,1591,True,True,763,False,7
633,2,True,True,2,True,7
634,558,True,True,373,False,7
635,119,True,True,95,False,7
636,2756,True,True,915,False,7
637,680,True,True,446,False,7
638,651,True,True,424,False,7
639,1790,True,True,773,False,7
640,227,True,True,175,False,7
641,349,True,True,250,False,7
642,1016,True,True,561,False,7
643,1451,True,True,702,False,7
644,2,True,True,2,True,7
645,3725,True,True,949,False,7
646,614,True,True,389,False,7
647,3631,True,True,956,False,7
648,330,True,True,247,False,7
649,280,True,True,209,False,7
650,121,True,True,96,False,7
651,512,True,True,347,False,7
652,5992,True,True,994,False,7
653,252,True,True,200,False,7
654,4197,True,True,969,False,7
655,653,True,True,435,False,7
656,1630,True,True,745,False,7
657,727,True,True,464,False,7
658,701,True,True,466,False,7
659,387,True,True,285,False,7
660,466,True,True,321,False,7
661,2,True,True,2,True,7
662,3096,True,True,923,False,7
663,404,True,True,298,False,7
664,444,True,True,306,False,7
665,310,True,True,223,False,7
666,839,True,True,515,False,7
667,2570,True,True,886,False,7
668,375,True,True,261,False,7
669,1408,True,True,684,False,7
670,813,True,True,493,False,7
671,1110,True,True,588,False,7
672,1290,True,True,672,False,7
673,818,True,True,487,False,7
674,2,True,True,2,True,7
675,4179,True,True,966,False,7
676,980,True,True,537,False,7
677,1315,True,True,679,False,7
678,298,True,True,230,False,7
679,1246,True,True,650,False,7
680,1642,True,True,743,False,7
681,2,True,True,2,True,7
682,679,True,True,431,False,7
683,4,True,True,3,True,7
684,10,True,True,6,False,7
685,2393,True,True,861,False,7
686,1765,True,True,772,False,7
687,495,True,True,328,False,7
688,2905,True,True,919,False,7
689,561,True,True,370,False,7
690,923,True,True,529,False,7
691,769,True,True,480,False,7
692,1090,True,True,575,False,7
693,149,True,True,110,False,7
694,2,True,True,2,True,7
695,803,True,True,483,False,7
696,307,True,True,220,False,7
697,3641,True,True,959,False,7
698,3225,True,True,934,False,7
699,2682,True,True,897,False,7
700,3290,True,True,948,False,8
701,1200,True,True,663,False,8
702,2016,True,True,822,False,8
703,3107,True,True,940,False,8
704,77,True,True,68,False,8
705,4,True,True,3,True,8
706,6039,True,True,994,False,8
707,516,True,True,368,False,8
708,63,True,True,51,False,8
709,817,True,True,503,False,8
710,675,True,True,424,False,8
711,921,True,True,544,False,8
712,739,True,True,473,False,8
713,2,True,True,2,True,8
714,62,True,True,53,False,8
715,592,True,True,400,False,8
716,415,True,True,304,False,8
717,25,True,True,21,False,8
718,449,True,True,317,False,8
719,271,True,True,203,False,8
720,667,True,True,419,False,8
721,983,True,True,563,False,8
722,4302,True,True,986,False,8
723,2018,True,True,805,False,8
724,243,True,True,172,False,8
725,3465,True,True,954,False,8
726,501,True,True,347,False,8
727,314,True,True,245,False,8
728,918,True,True,548,False,8
729,2,True,True,2,True,8
730,393,True,True,286,False,8
731,1597,True,True,740,False,8
732,2520,True,True,873,False,8
733,604,True,True,410,False,8
734,131,True,True,109,False,8
735,3794,True,True,961,False,8
736,440,True,True,343,False,8
737,1045,True,True,615,False,8
738,480,True,True,353,False,8
739,1947,True,True,826,False,8
740,2,True,True,2,True,8
741,2,True,True,2,True,8
742,1332,True,True,671,False,8
743,870,True,True,509,False,8
744,300,True,True,236,False,8
745,2,True,True,2,True,8
746,1022,True,True,583,False,8
747,1469,True,True,716,False,8
748,2807,True,True,914,False,8
749,4,True,True,3,True,8
750,4611,True,True,983,False,8
751,2768,True,True,912,False,8
752,640,True,True,438,False,8
753,1556,True,True,739,False,8
754,1806,True,True,792,False,8
755,171,True,True,134,False,8
756,2712,True,True,903,False,8
757,388,True,True,280,False,8
758,14,True,True,10,False,8
759,13,True,True,9,False,8
760,4001,True,True,973,False,8
761,746,True,True,478,False,8
762,2485,True,True,870,False,8
763,493,True,True,333,False,8
764,402,True,True,298,False,8
765,5154,True,True,983,False,8
766,281,True,True,220,False,8
767,963,True,True,569,False,8
768,1741,True,True,780,False,8
769,4,True,True,3,True,8
770,3649,True,True,954,False,8
771,598,True,True,392,False,8
772,10,True,True,8,False,8
773,1570,True,True,726,False,8
774,761,True,True,480,False,8
775,2640,True,True,891,False,8
776,2,True,True,2,True,8
777,4810,True,True,978,False,8
778,4,True,True,3,True,8
779,989,True,True,557,False,8
780,319,True,True,243,False,8
781,705,True,True,466,False,8
782,7068,True,True,997,False,8
783,556,True,True,376,False,8
784,477,True,True,342,False,8
785,142,True,True,121,False,8
786,2,True,True,2,True,8
787,2,True,True,2,True,8
788,2,True,True,2,True,8
789,997,True,True,588,False,8
790,28,True,True,24,False,8
791,558,True,True,369,False,8
792,278,True,True,219,False,8
793,2,True,True,2,True,8
794,390,True,True,282,False,8
795,2,True,True,2,True,8
796,242,True,True,194,False,8
797,528,True,True,357,False,8
798,1573,True,True,713,False,8
799,3189,True,True,931,False,8
800,923,True,True,576,False,9
801,403,True,True,294,False,9
802,373,True,True,291,False,9
803,2,True,True,2,True,9
804,4,True,True,3,True,9
805,619,True,True,419,False,9
806,1451,True,True,731,False,9
807,1063,True,True,610,False,9
808,343,True,True,257,False,9
809,462,True,True,357,False,9
810,243,True,True,187,False,9
811,331,True,True,267,False,9
812,4259,True,True,982,False,9
813,749,True,True,475,False,9
814,1496,True,True,700,False,9
815,2,True,True,2,True,9
816,1508,True,True,740,False,9
817,2,True,True,2,True,9
818,597,True,True,388,False,9
819,670,True,True,431,False,9
820,2,True,True,2,True,9
821,295,True,True,226,False,9
822,345,True,True,256,False,9
823,1103,True,True,627,False,9
824,1641,True,True,763,False,9
825,779,True,True,491,False,9
826,767,True,True,482,False,9
827,4,True,True,3,True,9
828,1150,True,True,643,False,9
829,2,True,True,2,True,9
830,2071,True,True,839,False,9
831,229,True,True,176,False,9
832,1061,True,True,593,False,9
833,1366,True,True,686,False,9
834,88,True,True,71,False,9
835,89,True,True,70,False,9
836,304,True,True,232,False,9
837,478,True,True,344,False,9
838,375,True,True,285,False,9
839,1534,True,True,707,False,9
840,79,True,True,64,False,9
841,193,True,True,144,False,9
842,1466,True,True,723,False,9
843,4539,True,True,982,False,9
844,1638,True,True,755,False,9
845,483,True,True,343,False,9
846,1160,True,True,637,False,9
847,1847,True,True,797,False,9
848,2965,True,True,929,False,9
849,960,True,True,580,False,9
850,23,True,True,18,False,9
851,306,True,True,240,False,9
852,2,True,True,2,True,9
853,837,True,True,542,False,9
854,2311,True,True,864,False,9
855,2670,True,True,894,False,9
856,925,True,True,541,False,9
857,1882,True,True,802,False,9
858,3185,True,True,946,False,9
859,808,True,True,502,False,9
860,98,True,True,81,False,9
861,2,True,True,2,True,9
862,275,True,True,214,False,9
863,808,True,True,506,False,9
864,2974,True,True,936,False,9
865,1392,True,True,718,False,9
866,823,True,True,496,False,9
867,4872,True,True,989,False,9
868,2294,True,True,864,False,9
869,696,True,True,455,False,9
870,521,True,True,381,False,9
871,586,True,True,407,False,9
872,200,True,True,160,False,9
873,1680,True,True,757,False,9
874,847,True,True,519,False,9
875,432,True,True,309,False,9
876,798,True,True,504,False,9
877,1429,True,True,712,False,9
878,2236,True,True,854,False,9
879,639,True,True,445,False,9
880,865,True,True,539,False,9
881,934,True,True,575,False,9
882,2,True,True,2,True,9
883,1344,True,True,680,False,9
884,1145,True,True,630,False,9
885,430,True,True,327,False,9
886,139,True,True,115,False,9
887,3932,True,True,974,False,9
888,125,True,True,104,False,9
889,1047,True,True,613,False,9
890,70,True,True,56,False,9
891,528,True,True,385,False,9
892,1310,True,True,713,False,9
893,360,True,True,265,False,9
894,2165,True,True,862,False,9
895,816,True,True,507,False,9
896,1675,True,True,764,False,9
897,1643,True,True,767,False,9
898,2842,True,True,926,False,9
899,82,True,True,73,False,9
900,902,True,True,567,False,10
901,2,True,True,2,True,10
902,1445,True,True,747,False,10
903,2297,True,True,882,False,10
904,101,True,True,89,False,10
905,1344,True,True,707,False,10
906,129,True,True,109,False,10
907,746,True,True,490,False,10
908,1835,True,True,801,False,10
909,2,True,True,2,True,10
910,883,True,True,535,False,10
911,2557,True,True,893,False,10
912,214,True,True,181,False,10
913,1406,True,True,716,False,10
914,513,True,True,363,False,10
915,2,True,True,2,True,10
916,877,True,True,545,False,10
917,484,True,True,348,False,10
918,1748,True,True,789,False,10
919,1006,True,True,583,False,10
920,882,True,True,534,False,10
921,278,True,True,232,False,10
922,942,True,True,558,False,10
923,62,True,True,56,False,10
924,4572,True,True,985,False,10
925,661,True,True,444,False,10
926,1054,True,True,622,False,10
927,2243,True,True,863,False,10
928,1114,True,True,636,False,10
929,1437,True,True,738,False,10
930,2341,True,True,871,False,10
931,2,True,True,2,True,10
932,450,True,True,335,False,10
933,1193,True,True,659,False,10
934,255,True,True,182,False,10
935,200,True,True,172,False,10
936,306,True,True,239,False,10
937,316,True,True,237,False,10
938,482,True,True,366,False,10
939,238,True,True,198,False,10
940,2409,True,True,899,False,10
941,102,True,True,81,False,10
942,9,True,True,9,False,10
943,120,True,True,103,False,10
944,684,True,True,456,False,10
945,3220,True,True,946,False,10
946,2,True,True,2,True,10
947,189,True,True,166,False,10
948,749,True,True,490,False,10
949,2,True,True,2,True,10
950,580,True,True,415,False,10
951,4,True,True,3,True,10
952,1269,True,True,667,False,10
953,591,True,True,402,False,10
954,979,True,True,587,False,10
955,2158,True,True,853,False,10
956,972,True,True,562,False,10
957,492,True,True,351,False,10
958,220,True,True,174,False,10
959,877,True,True,527,False,10
960,1846,True,True,807,False,10
961,662,True,True,442,False,10
962,601,True,True,422,False,10
963,224,True,True,187,False,10
964,1205,True,True,660,False,10
965,1022,True,True,616,False,10
966,943,True,True,562,False,10
967,552,True,True,381,False,10
968,993,True,True,606,False,10
969,158,True,True,128,False,10
970,911,True,True,540,False,10
971,4107,True,True,971,False,10
972,715,True,True,496,False,10
973,166,True,True,139,False,10
974,714,True,True,474,False,10
975,2,True,True,2,True,10
976,766,True,True,492,False,10
977,549,True,True,388,False,10
978,1494,True,True,736,False,10
979,215,True,True,173,False,10
980,1426,True,True,721,False,10
981,795,True,True,509,False,10
982,2,True,True,2,True,10
983,2289,True,True,860,False,10
984,173,True,True,141,False,10
985,370,True,True,290,False,10
986,2355,True,True,880,False,10
987,212,True,True,182,False,10
988,1863,True,True,825,False,10
989,120,True,True,95,False,10
990,700,True,True,466,False,10
991,2729,True,True,925,False,10
992,661,True,True,447,False,10
993,351,True,True,289,False,10
994,2,True,True,2,True,10
995,270,True,True,221,False,10
996,10,True,True,8,False,10
997,2158,True,True,866,False,10
998,31,True,True,29,False,10
999,1570,True,True,756,False,10
1000,191,True,True,154,False,11
1001,2,True,True,2,True,11
1002,2,True,True,2,True,11
1003,1243,True,True,676,False,11
1004,579,True,True,393,False,11
1005,1200,True,True,672,False,11
1006,1028,True,True,594,False,11
1007,1530,True,True,755,False,11
1008,290,True,True,233,False,11
1009,1242,True,True,647,False,11
1010,199,True,True,156,False,11
1011,2,True,True,2,True,11
1012,173,True,True,151,False,11
1013,2,True,True,2,True,11
1014,1920,True,True,800,False,11
1015,91,True,True,78,False,11
1016,458,True,True,325,False,11
1017,375,True,True,289,False,11
1018,2734,True,True,921,False,11
1019,69,True,True,59,False,11
1020,2983,True,True,909,False,11
1021,3243,True,True,953,False,11
1022,615,True,True,418,False,11
1023,218,True,True,181,False,11
1024,1549,True,True,757,False,11
1025,547,True,True,404,False,11
1026,2,True,True,2,True,11
1027,1024,True,True,575,False,11
1028,2,True,True,2,True,11
1029,3601,True,True,971,False,11
1030,517,True,True,372,False,11
1031,1685,True,True,795,False,11
1032,440,True,True,330,False,11
1033,1364,True,True,700,False,11
1034,2,True,True,2,True,11
1035,1104,True,True,640,False,11
1036,951,True,True,583,False,11
1037,1744,True,True,783,False,11
1038,2961,True,True,928,False,11
1039,1123,True,True,638,False,11
1040,411,True,True,320,False,11
1041,919,True,True,567,False,11
1042,2085,True,True,836,False,11
1043,1002,True,True,591,False,11
1044,392,True,True,300,False,11
1045,762,True,True,502,False,11
1046,626,True,True,419,False,11
1047,121,True,True,105,False,11
1048,406,True,True,305,False,11
1049,2609,True,True,910,False,11
1050,910,True,True,556,False,11
1051,257,True,True,190,False,11
1052,3493,True,True,959,False,11
1053,2,True,True,2,True,11
1054,1247,True,True,658,False,11
1055,2933,True,True,933,False,11
1056,708,True,True,485,False,11
1057,285,True,True,237,False,11
1058,672,True,True,457,False,11
1059,133,True,True,116,False,11
1060,746,True,True,491,False,11
1061,265,True,True,215,False,11
1062,6865,True,True,999,False,11
1063,243,True,True,198,False,11
1064,592,True,True,402,False,11
1065,76,True,True,64,False,11
1066,1051,True,True,604,False,11
1067,2,True,True,2,True,11
1068,630,True,True,427,False,11
1069,715,True,True,458,False,11
1070,196,True,True,167,False,11
1071,901,True,True,554,False,11
1072,535,True,True,389,False,11
1073,696,True,True,468,False,11
1074,2782,True,True,913,False,11
1075,788,True,True,509,False,11
1076,2710,True,True,919,False,11
1077,771,True,True,488,False,11
1078,3784,True,True,961,False,11
1079,1758,True,True,784,False,11
1080,839,True,True,549,False,11
1081,206,True,True,174,False,11
1082,1573,True,True,766,False,11
1083,4635,True,True,983,False,11
1084,78,True,True,70,False,11
1085,1815,True,True,825,False,11
1086,1469,True,True,737,False,11
1087,2,True,True,2,True,11
1088,795,True,True,529,False,11
1089,292,True,True,223,False,11
1090,1720,True,True,796,False,11
1091,1017,True,True,597,False,11
1092,2,True,True,2,True,11
1093,1355,True,True,723,False,11
1094,469,True,True,359,False,11
1095,781,True,True,495,False,11
1096,2,True,True,2,True,11
1097,239,True,True,195,False,11
1098,2876,True,True,916,False,11
1099,2811,True,True,902,False,11
1100,1051,True,True,591,False,12
1101,5164,True,True,991,False,12
1102,945,True,True,608,False,12
1103,460,True,True,334,False,12
1104,3424,True,True,953,False,12
1105,540,True,True,378,False,12
1106,843,True,True,555,False,12
1107,767,True,True,498,False,12
1108,352,True,True,277,False,12
1109,2,True,True,2,True,12
1110,767,True,True,514,False,12
1111,3618,True,True,970,False,12
1112,709,True,True,461,False,12
1113,216,True,True,173,False,12
1114,2060,True,True,862,False,12
1115,233,True,True,194,False,12
1116,89,True,True,76,False,12
1117,1337,True,True,691,False,12
1118,351,True,True,281,False,12
1119,717,True,True,470,False,12
1120,682,True,True,487,False,12
1121,6509,True,True,997,False,12
1122,926,True,True,585,False,12
1123,552,True,True,394,False,12
1124,2688,True,True,906,False,12
1125,2489,True,True,895,False,12
1126,1486,True,True,747,False,12
1127,2471,True,True,885,False,12
1128,588,True,True,406,False,12
1129,2137,True,True,838,False,12
1130,470,True,True,347,False,12
1131,188,True,True,155,False,12
1132,517,True,True,371,False,12
1133,487,True,True,367,False,12
1134,1280,True,True,681,False,12
1135,2777,True,True,930,False,12
1136,1971,True,True,831,False,12
1137,1633,True,True,762,False,12
1138,726,True,True,475,False,12
1139,2118,True,True,864,False,12
1140,845,True,True,538,False,12
1141,2,True,True,2,True,12
1142,50,True,True,45,False,12
1143,49,True,True,45,False,12
1144,7109,True,True,998,False,12
1145,87,True,True,75,False,12
1146,1056,True,True,633,False,12
1147,350,True,True,272,False,12
1148,43,True,True,39,False,12
1149,2030,True,True,849,False,12
1150,2,True,True,2,True,12
1151,3048,True,True,932,False,12
1152,224,True,True,184,False,12
1153,991,True,True,578,False,12
1154,1369,True,True,713,False,12
1155,6632,True,True,998,False,12
1156,255,True,True,206,False,12
1157,3219,True,True,956,False,12
1158,3069,True,True,938,False,12
1159,385,True,True,289,False,12
1160,386,True,True,288,False,12
1161,1748,True,True,763,False,12
1162,1216,True,True,663,False,12
1163,1475,True,True,721,False,12
1164,244,True,True,200,False,12
1165,4379,True,True,982,False,12
1166,624,True,True,451,False,12
1167,2642,True,True,904,False,12
1168,259,True,True,208,False,12
1169,941,True,True,577,False,12
1170,607,True,True,433,False,12
1171,3965,True,True,977,False,12
1172,750,True,True,483,False,12
1173,41,True,True,36,False,12
1174,1442,True,True,724,False,12
1175,1823,True,True,838,False,12
1176,793,True,True,522,False,12
1177,251,True,True,206,False,12
1178,3407,True,True,954,False,12
1179,500,True,True,360,False,12
1180,289,True,True,231,False,12
1181,318,True,True,257,False,12
1182,2,True,True,2,True,12
1183,2,True,True,2,True,12
1184,2104,True,True,836,False,12
1185,615,True,True,410,False,12
1186,987,True,True,602,False,12
1187,770,True,True,487,False,12
1188,52,True,True,49,False,12
1189,4,True,True,3,True,12
1190,236,True,True,193,False,12
1191,463,True,True,339,False,12
1192,444,True,True,333,False,12
1193,1125,True,True,648,False,12
1194,1502,True,True,742,False,12
1195,84,True,True,81,False,12
1196,627,True,True,449,False,12
1197,309,True,True,249,False,12
1198,129,True,True,112,False,12
1199,1562,True,True,766,False,12
1200,71,True,True,69,False,13
1201,151,True,True,130,False,13
1202,115,True,True,97,False,13
1203,121,True,True,110,False,13
1204,1056,True,True,635,False,13
1205,244,True,True,197,False,13
1206,676,True,True,471,False,13
1207,620,True,True,438,False,13
1208,1608,True,True,763,False,13
1209,476,True,True,340,False,13
1210,1262,True,True,651,False,13
1211,808,True,True,532,False,13
1212,345,True,True,280,False,13
1213,710,True,True,487,False,13
1214,1949,True,True,835,False,13
1215,146,True,True,128,False,13
1216,1789,True,True,805,False,13
1217,115,True,True,99,False,13
1218,278,True,True,228,False,13
1219,459,True,True,343,False,13
1220,47,True,True,46,False,13
1221,136,True,True,119,False,13
1222,116,True,True,100,False,13
1223,613,True,True,429,False,13
1224,361,True,True,277,False,13
1225,126,True,True,107,False,13
1226,592,True,True,424,False,13
1227,4,True,True,3,True,13
1228,279,True,True,230,False,13
1229,234,True,True,199,False,13
1230,358,True,True,278,False,13
1231,498,True,True,356,False,13
1232,1254,True,True,690,False,13
1233,122,True,True,109,False,13
1234,2015,True,True,846,False,13
1235,779,True,True,517,False,13
1236,271,True,True,223,False,13
1237,1156,True,True,668,False,13
1238,1114,True,True,650,False,13
1239,635,True,True,436,False,13
1240,978,True,True,585,False,13
1241,2,True,True,2,True,13
1242,1103,True,True,633,False,13
1243,1221,True,True,692,False,13
1244,2407,True,True,887,False,13
1245,53,True,True,48,False,13
1246,4797,True,True,985,False,13
1247,2298,True,True,890,False,13
1248,3129,True,True,943,False,13
1249,731,True,True,499,False,13
1250,452,True,True,339,False,13
1251,298,True,True,239,False,13
1252,208,True,True,174,False,13
1253,3302,True,True,951,False,13
1254,537,True,True,379,False,13
1255,25,True,True,21,False,13
1256,485,True,True,367,False,13
1257,567,True,True,394,False,13
1258,1961,True,True,846,False,13
1259,1089,True,True,617,False,13
1260,774,True,True,511,False,13
1261,3521,True,True,958,False,13
1262,2,True,True,2,True,13
1263,1969,True,True,840,False,13
1264,1841,True,True,818,False,13
1265,1020,True,True,601,False,13
1266,315,True,True,247,False,13
1267,2,True,True,2,True,13
1268,1870,True,True,827,False,13
1269,881,True,True,559,False,13
1270,597,True,True,424,False,13
1271,2841,True,True,922,False,13
1272,1820,True,True,816,False,13
1273,600,True,True,425,False,13
1274,1064,True,True,611,False,13
1275,316,True,True,258,False,13
1276,7829,True,True,999,False,13
1277,1377,True,True,702,False,13
1278,537,True,True,385,False,13
1279,5244,True,True,989,False,13
1280,536,True,True,397,False,13
1281,908,True,True,575,False,13
1282,2,True,True,2,True,13
1283,824,True,True,537,False,13
1284,2957,True,True,942,False,13
1285,162,True,True,140,False,13
1286,255,True,True,205,False,13
1287,1377,True,True,720,False,13
1288,2167,True,True,864,False,13
1289,1572,True,True,768,False,13
1290,2409,True,True,891,False,13
1291,494,True,True,366,False,13
1292,2,True,True,2,True,13
1293,430,True,True,322,False,13
1294,2774,True,True,929,False,13
1295,1299,True,True,678,False,13
1296,1264,True,True,669,False,13
1297,146,True,True,128,False,13
1298,1892,True,True,822,False,13
1299,184,True,True,153,False,13
1300,341,True,True,270,False,14
1301,2,True,True,2,True,14
1302,957,True,True,588,False,14
1303,685,True,True,456,False,14
1304,290,True,True,234,False,14
1305,2852,True,True,922,False,14
1306,427,True,True,332,False,14
1307,415,True,True,317,False,14
1308,786,True,True,509,False,14
1309,2093,True,True,863,False,14
1310,661,True,True,458,False,14
1311,155,True,True,131,False,14
1312,1747,True,True,798,False,14
1313,144,True,True,116,False,14
1314,129,True,True,109,False,14
1315,433,True,True,324,False,14
1316,698,True,True,477,False,14
1317,1026,True,True,627,False,14
1318,662,True,True,450,False,14
1319,164,True,True,144,False,14
1320,675,True,True,470,False,14
1321,396,True,True,309,False,14
1322,3906,True,True,966,False,14
1323,614,True,True,439,False,14
1324,624,True,True,437,False,14
1325,2,True,True,2,True,14
1326,3807,True,True,967,False,14
1327,4409,True,True,977,False,14
1328,1620,True,True,758,False,14
1329,267,True,True,219,False,14
1330,632,True,True,444,False,14
1331,1137,True,True,667,False,14
1332,300,True,True,250,False,14
1333,17,True,True,17,False,14
1334,447,True,True,348,False,14
1335,527,True,True,381,False,14
1336,87,True,True,72,False,14
1337,110,True,True,96,False,14
1338,757,True,True,500,False,14
1339,85,True,True,75,False,14
1340,221,True,True,192,False,14
1341,3268,True,True,937,False,14
1342,1166,True,True,639,False,14
1343,865,True,True,549,False,14
1344,2,True,True,2,True,14
1345,1139,True,True,651,False,14
1346,103,True,True,85,False,14
1347,80,True,True,74,False,14
1348,839,True,True,522,False,14
1349,2098,True,True,850,False,14
1350,2355,True,True,888,False,14
1351,2,True,True,2,True,14
1352,152,True,True,132,False,14
1353,4,True,True,3,True,14
1354,3249,True,True,943,False,14
1355,145,True,True,121,False,14
1356,1584,True,True,777,False,14
1357,124,True,True,110,False,14
1358,909,True,True,563,False,14
1359,2397,True,True,887,False,14
1360,56,True,True,53,False,14
1361,978,True,True,587,False,14
1362,560,True,True,409,False,14
1363,257,True,True,203,False,14
1364,185,True,True,170,False,14
1365,911,True,True,549,False,14
1366,2728,True,True,916,False,14
1367,63,True,True,57,False,14
1368,322,True,True,246,False,14
1369,1604,True,True,775,False,14
1370,2,True,True,2,True,14
1371,2103,True,True,844,False,14
1372,189,True,True,155,False,14
1373,1271,True,True,694,False,14
1374,205,True,True,181,False,14
1375,2838,True,True,929,False,14
1376,1127,True,True,643,False,14
1377,419,True,True,311,False,14
1378,245,True,True,198,False,14
1379,707,True,True,483,False,14
1380,59,True,True,53,False,14
1381,141,True,True,119,False,14
1382,45,True,True,39,False,14
1383,1306,True,True,708,False,14
1384,62,True,True,48,False,14
1385,1500,True,True,770,False,14
1386,843,True,True,565,False,14
1387,2981,True,True,921,False,14
1388,1559,True,True,784,False,14
1389,113,True,True,95,False,14
1390,984,True,True,589,False,14
1391,1373,True,True,705,False,14
1392,90,True,True,82,False,14
1393,2489,True,True,917,False,14
1394,744,True,True,515,False,14
1395,368,True,True,283,False,14
1396,1621,True,True,781,False,14
1397,351,True,True,279,False,14
1398,4186,True,True,969,False,14
1399,135,True,True,122,False,14
1400,3250,True,True,943,False,15
1401,423,True,True,330,False,15
1402,676,True,True,474,False,15
1403,2739,True,True,922,False,15
1404,1514,True,True,766,False,15
1405,118,True,True,104,False,15
1406,1803,True,True,810,False,15
1407,653,True,True,452,False,15
1408,621,True,True,460,False,15
1409,1257,True,True,688,False,15
1410,1689,True,True,801,False,15
1411,462,True,True,350,False,15
1412,242,True,True,190,False,15
1413,2,True,True,2,True,15
1414,79,True,True,70,False,15
1415,480,True,True,369,False,15
1416,1033,True,True,626,False,15
1417,457,True,True,337,False,15
1418,45,True,True,41,False,15
1419,535,True,True,390,False,15
1420,188,True,True,163,False,15
1421,1919,True,True,820,False,15
1422,184,True,True,163,False,15
1423,106,True,True,93,False,15
1424,246,True,True,195,False,15
1425,14,True,True,13,False,15
1426,1395,True,True,730,False,15
1427,793,True,True,519,False,15
1428,411,True,True,323,False,15
1429,2343,True,True,884,False,15
1430,1136,True,True,664,False,15
1431,3699,True,True,968,False,15
1432,192,True,True,169,False,15
1433,1369,True,True,737,False,15
1434,1219,True,True,684,False,15
1435,1901,True,True,842,False,15
1436,2337,True,True,892,False,15
1437,4,True,True,3,True,15
1438,1197,True,True,676,False,15
1439,29,True,True,28,False,15
1440,1838,True,True,817,False,15
1441,877,True,True,583,False,15
1442,1832,True,True,815,False,15
1443,355,True,True,273,False,15
1444,963,True,True,605,False,15
1445,87,True,True,77,False,15
1446,1072,True,True,631,False,15
1447,1570,True,True,774,False,15
1448,72,True,True,62,False,15
1449,2104,True,True,863,False,15
1450,1161,True,True,681,False,15
1451,1451,True,True,722,False,15
1452,1126,True,True,653,False,15
1453,511,True,True,376,False,15
1454,2,True,True,2,True,15
1455,2522,True,True,892,False,15
1456,624,True,True,445,False,15
1457,2,True,True,2,True,15
1458,623,True,True,439,False,15
1459,708,True,True,497,False,15
1460,1742,True,True,814,False,15
1461,143,True,True,131,False,15
1462,2393,True,True,886,False,15
1463,168,True,True,145,False,15
1464,2,True,True,2,True,15
1465,4,True,True,3,True,15
1466,76,True,True,69,False,15
1467,1852,True,True,831,False,15
1468,4964,True,True,993,False,15
1469,292,True,True,223,False,15
1470,2044,True,True,872,False,15
1471,526,True,True,381,False,15
1472,650,True,True,444,False,15
1473,2227,True,True,881,False,15
1474,22,True,True,20,False,15
1475,784,True,True,521,False,15
1476,982,True,True,596,False,15
1477,134,True,True,120,False,15
1478,299,True,True,240,False,15
1479,695,True,True,481,False,15
1480,715,True,True,485,False,15
1481,104,True,True,93,False,15
1482,2365,True,True,890,False,15
1483,813,True,True,545,False,15
1484,148,True,True,128,False,15
1485,910,True,True,577,False,15
1486,186,True,True,161,False,15
1487,94,True,True,88,False,15
1488,18,True,True,17,False,15
1489,327,True,True,245,False,15
1490,189,True,True,160,False,15
1491,144,True,True,122,False,15
1492,39,True,True,36,False,15
1493,402,True,True,327,False,15
1494,149,True,True,132,False,15
1495,2,True,True,2,True,15
1496,639,True,True,443,False,15
1497,37,True,True,33,False,15
1498,850,True,True,547,False,15
1499,663,True,True,479,False,15
1500,1849,True,True,831,False,16
1501,2226,True,True,878,False,16
1502,693,True,True,463,False,16
1503,3244,True,True,959,False,16
1504,3697,True,True,980,False,16
1505,304,True,True,243,False,16
1506,3220,True,True,956,False,16
1507,689,True,True,462,False,16
1508,676,True,True,474,False,16
1509,1077,True,True,614,False,16
1510,707,True,True,481,False,16
1511,69,True,True,67,False,16
1512,276,True,True,226,False,16
1513,3115,True,True,957,False,16
1514,2227,True,True,876,False,16
1515,2533,True,True,906,False,16
1516,154,True,True,128,False,16
1517,275,True,True,226,False,16
1518,2,True,True,2,True,16
1519,1101,True,True,654,False,16
1520,1612,True,True,791,False,16
1521,153,True,True,132,False,16
1522,665,True,True,461,False,16
1523,1112,True,True,656,False,16
1524,861,True,True,556,False,16
1525,408,True,True,310,False,16
1526,3104,True,True,928,False,16
1527,287,True,True,236,False,16
1528,547,True,True,390,False,16
1529,896,True,True,573,False,16
1530,1044,True,True,634,False,16
1531,1547,True,True,741,False,16
1532,205,True,True,174,False,16
1533,673,True,True,475,False,16
1534,459,True,True,357,False,16
1535,33,True,True,33,False,16
1536,1047,True,True,612,False,16
1537,448,True,True,338,False,16
1538,231,True,True,197,False,16
1539,776,True,True,514,False,16
1540,23,True,True,23,False,16
1541,98,True,True,90,False,16
1542,657,True,True,465,False,16
1543,162,True,True,147,False,16
1544,42,True,True,40,False,16
1545,195,True,True,163,False,16
1546,4493,True,True,983,False,16
1547,658,True,True,455,False,16
1548,2,True,True,2,True,16
1549,225,True,True,197,False,16
1550,347,True,True,276,False,16
1551,1189,True,True,663,False,16
1552,720,True,True,484,False,16
1553,2985,True,True,937,False,16
1554,1967,True,True,850,False,16
1555,8,True,True,8,False,16
1556,3222,True,True,961,False,16
1557,2,True,True,2,True,16
1558,1190,True,True,661,False,16
1559,1392,True,True,718,False,16
1560,1188,True,True,670,False,16
1561,866,True,True,566,False,16
1562,295,True,True,245,False,16
1563,115,True,True,106,False,16
1564,446,True,True,351,False,16
1565,3842,True,True,973,False,16
1566,275,True,True,227,False,16
1567,1093,True,True,633,False,16
1568,457,True,True,342,False,16
1569,125,True,True,109,False,16
1570,459,True,True,347,False,16
1571,110,True,True,99,False,16
1572,238,True,True,193,False,16
1573,750,True,True,514,False,16
1574,268,True,True,217,False,16
1575,1621,True,True,799,False,16
1576,218,True,True,191,False,16
1577,1623,True,True,790,False,16
1578,1969,True,True,857,False,16
1579,4392,True,True,985,False,16
1580,2,True,True,2,True,16
1581,643,True,True,446,False,16
1582,88,True,True,84,False,16
1583,444,True,True,343,False,16
1584,871,True,True,537,False,16
1585,663,True,True,456,False,16
1586,85,True,True,78,False,16
1587,4,True,True,4,False,16
1588,1858,True,True,838,False,16
1589,1714,True,True,802,False,16
1590,394,True,True,308,False,16
1591,953,True,True,562,False,16
1592,935,True,True,602,False,16
1593,750,True,True,516,False,16
1594,879,True,True,546,False,16
1595,950,True,True,587,False,16
1596,4769,True,True,989,False,16
1597,8357,True,True,999,False,16
1598,583,True,True,418,False,16
1599,1330,True,True,710,False,16
1600,244,True,True,210,False,17
1601,641,True,True,443,False,17
1602,846,True,True,547,False,17
1603,1229,True,True,691,False,17
1604,209,True,True,176,False,17
1605,190,True,True,171,False,17
1606,789,True,True,532,False,17
1607,478,True,True,348,False,17
1608,434,True,True,332,False,17
1609,708,True,True,495,False,17
1610,310,True,True,251,False,17
1611,678,True,True,471,False,17
1612,6,True,True,4,False,17
1613,20,True,True,19,False,17
1614,740,True,True,511,False,17
1615,594,True,True,438,False,17
1616,415,True,True,321,False,17
1617,844,True,True,546,False,17
1618,1308,True,True,699,False,17
1619,268,True,True,229,False,17
1620,8,True,True,8,False,17
1621,45,True,True,45,False,17
1622,2463,True,True,902,False,17
1623,469,True,True,362,False,17
1624,570,True,True,404,False,17
1625,1322,True,True,700,False,17
1626,456,True,True,355,False,17
1627,1464,True,True,740,False,17
1628,144,True,True,123,False,17
1629,633,True,True,461,False,17
1630,123,True,True,106,False,17
1631,719,True,True,495,False,17
1632,4,True,True,3,True,17
1633,482,True,True,372,False,17
1634,1432,True,True,713,False,17
1635,350,True,True,276,False,17
1636,642,True,True,452,False,17
1637,39,True,True,31,False,17
1638,2,True,True,2,True,17
1639,772,True,True,522,False,17
1640,864,True,True,548,False,17
1641,356,True,True,294,False,17
1642,1679,True,True,821,False,17
1643,806,True,True,529,False,17
1644,678,True,True,465,False,17
1645,798,True,True,532,False,17
1646,2181,True,True,888,False,17
1647,2445,True,True,911,False,17
1648,627,True,True,441,False,17
1649,285,True,True,238,False,17
1650,1103,True,True,624,False,17
1651,1884,True,True,825,False,17
1652,403,True,True,314,False,17
1653,237,True,True,198,False,17
1654,2701,True,True,924,False,17
1655,880,True,True,561,False,17
1656,642,True,True,455,False,17
1657,1175,True,True,681,False,17
1658,1085,True,True,647,False,17
1659,266,True,True,231,False,17
1660,2376,True,True,900,False,17
1661,495,True,True,356,False,17
1662,588,True,True,421,False,17
1663,310,True,True,250,False,17
1664,1703,True,True,797,False,17
1665,463,True,True,360,False,17
1666,689,True,True,478,False,17
1667,3336,True,True,955,False,17
1668,2,True,True,2,True,17
1669,3717,True,True,968,False,17
1670,2214,True,True,871,False,17
1671,1280,True,True,718,False,17
1672,432,True,True,341,False,17
1673,1176,True,True,665,False,17
1674,120,True,True,107,False,17
1675,1447,True,True,741,False,17
1676,143,True,True,121,False,17
1677,713,True,True,503,False,17
1678,1326,True,True,710,False,17
1679,683,True,True,482,False,17
1680,91,True,True,82,False,17
1681,181,True,True,157,False,17
1682,1463,True,True,728,False,17
1683,91,True,True,82,False,17
1684,197,True,True,175,False,17
1685,1642,True,True,796,False,17
1686,1261,True,True,710,False,17
1687,652,True,True,474,False,17
1688,2,True,True,2,True,17
1689,2,True,True,2,True,17
1690,1341,True,True,708,False,17
1691,923,True,True,578,False,17
1692,709,True,True,468,False,17
1693,3080,True,True,941,False,17
1694,2,True,True,2,True,17
1695,2301,True,True,888,False,17
1696,1691,True,True,797,False,17
1697,676,True,True,468,False,17
1698,349,True,True,295,False,17
1699,250,True,True,206,False,17
1700,86,True,True,81,False,18
1701,1269,True,True,706,False,18
1702,911,True,True,586,False,18
1703,815,True,True,533,False,18
1704,1285,True,True,716,False,18
1705,982,True,True,600,False,18
1706,182,True,True,159,False,18
1707,1617,True,True,785,False,18
1708,1217,True,True,657,False,18
1709,2127,True,True,854,False,18
1710,548,True,True,394,False,18
1711,941,True,True,597,False,18
1712,581,True,True,409,False,18
1713,1040,True,True,623,False,18
1714,1150,True,True,663,False,18
1715,157,True,True,137,False,18
1716,1655,True,True,782,False,18
1717,61,True,True,59,False,18
1718,16,True,True,14,False,18
1719,182,True,True,158,False,18
1720,2160,True,True,879,False,18
1721,230,True,True,199,False,18
1722,1171,True,True,686,False,18
1723,67,True,True,64,False,18
1724,1661,True,True,772,False,18
1725,618,True,True,454,False,18
1726,3086,True,True,943,False,18
1727,2396,True,True,883,False,18
1728,907,True,True,559,False,18
1729,366,True,True,290,False,18
1730,127,True,True,112,False,18
1731,2408,True,True,890,False,18
1732,2,True,True,2,True,18
1733,2065,True,True,859,False,18
1734,1316,True,True,704,False,18
1735,682,True,True,467,False,18
1736,248,True,True,209,False,18
1737,34,True,True,31,False,18
1738,1153,True,True,665,False,18
1739,3977,True,True,976,False,18
1740,1281,True,True,698,False,18
1741,648,True,True,457,False,18
1742,1240,True,True,683,False,18
1743,317,True,True,257,False,18
1744,23,True,True,21,False,18
1745,191,True,True,163,False,18
1746,909,True,True,593,False,18
1747,786,True,True,531,False,18
1748,76,True,True,66,False,18
1749,447,True,True,352,False,18
1750,1579,True,True,772,False,18
1751,1050,True,True,636,False,18
1752,800,True,True,532,False,18
1753,346,True,True,267,False,18
1754,522,True,True,391,False,18
1755,1016,True,True,602,False,18
1756,2620,True,True,918,False,18
1757,1468,True,True,748,False,18
1758,1059,True,True,638,False,18
1759,277,True,True,231,False,18
1760,114,True,True,102,False,18
1761,713,True,True,494,False,18
1762,1556,True,True,765,False,18
1763,398,True,True,308,False,18
1764,449,True,True,349,False,18
1765,3897,True,True,980,False,18
1766,374,True,True,303,False,18
1767,784,True,True,528,False,18
1768,492,True,True,371,False,18
1769,146,True,True,133,False,18
1770,2405,True,True,913,False,18
1771,946,True,True,593,False,18
1772,901,True,True,576,False,18
1773,86,True,True,79,False,18
1774,4439,True,True,981,False,18
1775,381,True,True,289,False,18
1776,353,True,True,278,False,18
1777,166,True,True,145,False,18
1778,364,True,True,295,False,18
1779,2266,True,True,887,False,18
1780,147,True,True,127,False,18
1781,13,True,True,13,False,18
1782,2060,True,True,849,False,18
1783,2428,True,True,884,False,18
1784,607,True,True,436,False,18
1785,52,True,True,47,False,18
1786,353,True,True,284,False,18
1787,163,True,True,149,False,18
1788,361,True,True,290,False,18
1789,1529,True,True,766,False,18
1790,343,True,True,262,False,18
1791,2310,True,True,883,False,18
1792,539,True,True,401,False,18
1793,2545,True,True,909,False,18
1794,559,True,True,406,False,18
1795,4752,True,True,991,False,18
1796,2258,True,True,875,False,18
1797,498,True,True,380,False,18
1798,414,True,True,317,False,18
1799,238,True,True,201,False,18
1800,1321,True,True,727,False,19
1801,1359,True,True,727,False,19
1802,1691,True,True,784,False,19
1803,636,True,True,445,False,19
1804,8,True,True,8,False,19
1805,760,True,True,510,False,19
1806,288,True,True,238,False,19
1807,608,True,True,436,False,19
1808,1643,True,True,804,False,19
1809,578,True,True,436,False,19
1810,670,True,True,468,False,19
1811,2366,True,True,888,False,19
1812,1216,True,True,686,False,19
1813,732,True,True,479,False,19
1814,900,True,True,563,False,19
1815,310,True,True,253,False,19
1816,84,True,True,79,False,19
1817,960,True,True,608,False,19
1818,1140,True,True,638,False,19
1819,2730,True,True,929,False,19
1820,560,True,True,415,False,19
1821,2,True,True,2,True,19
1822,1753,True,True,796,False,19
1823,2293,True,True,900,False,19
1824,1236,True,True,682,False,19
1825,42,True,True,38,False,19
1826,180,True,True,150,False,19
1827,690,True,True,485,False,19
1828,319,True,True,264,False,19
1829,760,True,True,524,False,19
1830,753,True,True,514,False,19
1831,465,True,True,367,False,19
1832,1166,True,True,666,False,19
1833,669,True,True,480,False,19
1834,305,True,True,246,False,19
1835,2117,True,True,866,False,19
1836,2773,True,True,931,False,19
1837,1869,True,True,844,False,19
1838,1694,True,True,788,False,19
1839,1147,True,True,667,False,19
1840,152,True,True,131,False,19
1841,98,True,True,90,False,19
1842,367,True,True,301,False,19
1843,27,True,True,27,False,19
1844,33,True,True,32,False,19
1845,501,True,True,381,False,19
1846,4461,True,True,985,False,19
1847,5722,True,True,998,False,19
1848,683,True,True,474,False,19
1849,259,True,True,221,False,19
1850,740,True,True,511,False,19
1851,2311,True,True,883,False,19
1852,2,True,True,2,True,19
1853,1812,True,True,834,False,19
1854,2952,True,True,939,False,19
1855,2099,True,True,869,False,19
1856,2100,True,True,861,False,19
1857,4014,True,True,972,False,19
1858,723,True,True,499,False,19
1859,1835,True,True,821,False,19
1860,380,True,True,314,False,19
1861,1295,True,True,709,False,19
1862,38,True,True,37,False,19
1863,1466,True,True,743,False,19
1864,279,True,True,231,False,19
1865,4054,True,True,978,False,19
1866,494,True,True,390,False,19
1867,681,True,True,476,False,19
1868,116,True,True,108,False,19
1869,256,True,True,224,False,19
1870,2826,True,True,932,False,19
1871,693,True,True,494,False,19
1872,1413,True,True,757,False,19
1873,773,True,True,523,False,19
1874,3006,True,True,940,False,19
1875,567,True,True,407,False,19
1876,2250,True,True,885,False,19
1877,255,True,True,217,False,19
1878,1339,True,True,722,False,19
1879,302,True,True,246,False,19
1880,258,True,True,211,False,19
1881,2152,True,True,858,False,19
1882,2102,True,True,876,False,19
1883,1146,True,True,681,False,19
1884,1415,True,True,758,False,19
1885,484,True,True,359,False,19
1886,552,True,True,416,False,19
1887,481,True,True,351,False,19
1888,2,True,True,2,True,19
1889,268,True,True,230,False,19
1890,2109,True,True,864,False,19
1891,760,True,True,510,False,19
1892,1248,True,True,677,False,19
1893,111,True,True,102,False,19
1894,112,True,True,101,False,19
1895,1222,True,True,695,False,19
1896,2757,True,True,921,False,19
1897,52,True,True,46,False,19
1898,1620,True,True,788,False,19
1899,524,True,True,387,False,19
1900,2105,True,True,869,False,20
1901,4236,True,True,977,False,20
1902,3405,True,True,967,False,20
1903,2244,True,True,878,False,20
1904,74,True,True,65,False,20
1905,2061,True,True,849,False,20
1906,285,True,True,233,False,20
1907,683,True,True,466,False,20
1908,615,True,True,443,False,20
1909,1129,True,True,654,False,20
1910,219,True,True,184,False,20
1911,54,True,True,49,False,20
1912,376,True,True,306,False,20
1913,1545,True,True,765,False,20
1914,1448,True,True,745,False,20
1915,2,True,True,2,True,20
1916,447,True,True,344,False,20
1917,1057,True,True,626,False,20
1918,16,True,True,15,False,20
1919,288,True,True,240,False,20
1920,2,True,True,2,True,20
1921,2,True,True,2,True,20
1922,101,True,True,86,False,20
1923,753,True,True,500,False,20
1924,1139,True,True,667,False,20
1925,639,True,True,446,False,20
1926,1745,True,True,795,False,20
1927,99,True,True,92,False,20
1928,72,True,True,65,False,20
1929,170,True,True,152,False,20
1930,2,True,True,2,True,20
1931,130,True,True,120,False,20
1932,2030,True,True,862,False,20
1933,141,True,True,121,False,20
1934,856,True,True,551,False,20
1935,82,True,True,78,False,20
1936,919,True,True,586,False,20
1937,984,True,True,609,False,20
1938,2,True,True,2,True,20
1939,89,True,True,80,False,20
1940,2,True,True,2,True,20
1941,999,True,True,631,False,20
1942,1099,True,True,654,False,20
1943,430,True,True,348,False,20
1944,2,True,True,2,True,20
1945,406,True,True,323,False,20
1946,67,True,True,64,False,20
1947,3034,True,True,946,False,20
1948,406,True,True,316,False,20
1949,1055,True,True,632,False,20
1950,1135,True,True,672,False,20
1951,72,True,True,64,False,20
1952,2,True,True,2,True,20
1953,625,True,True,456,False,20
1954,430,True,True,331,False,20
1955,867,True,True,582,False,20
1956,29,True,True,28,False,20
1957,217,True,True,183,False,20
1958,1309,True,True,725,False,20
1959,114,True,True,99,False,20
1960,546,True,True,414,False,20
1961,785,True,True,524,False,20
1962,1261,True,True,682,False,20
1963,2457,True,True,889,False,20
1964,174,True,True,156,False,20
1965,1474,True,True,745,False,20
1966,2254,True,True,882,False,20
1967,2194,True,True,893,False,20
1968,804,True,True,532,False,20
1969,172,True,True,156,False,20
1970,2,True,True,2,True,20
1971,108,True,True,100,False,20
1972,1051,True,True,636,False,20
1973,3076,True,True,942,False,20
1974,271,True,True,224,False,20
1975,904,True,True,586,False,20
1976,1537,True,True,771,False,20
1977,2192,True,True,863,False,20
1978,3792,True,True,977,False,20
1979,2134,True,True,864,False,20
1980,331,True,True,269,False,20
1981,5,True,True,5,False,20
1982,4341,True,True,983,False,20
1983,996,True,True,599,False,20
1984,916,True,True,564,False,20
1985,1430,True,True,741,False,20
1986,2722,True,True,938,False,20
1987,3594,True,True,963,False,20
1988,75,True,True,69,False,20
1989,1209,True,True,689,False,20
1990,1247,True,True,692,False,20
1991,352,True,True,292,False,20
1992,173,True,True,145,False,20
1993,270,True,True,220,False,20
1994,578,True,True,433,False,20
1995,629,True,True,451,False,20
1996,72,True,True,62,False,20
1997,331,True,True,263,False,20
1998,934,True,True,579,False,20
1999,459,True,True,350,False,20
